<?xml version="1.0" encoding="UTF-8"?>
<configuration>
    <property name="LOG_PATH" value="logs"/>
    <property name="LOG_PATTERN" value="%d{yyyy-MM-dd HH:mm:ss.SSS} [%thread] %-5level %logger{36} - %X{username} %X{operation} %msg%n"/>

    <!-- 控制台输出 -->
    <appender name="CONSOLE" class="ch.qos.logback.core.ConsoleAppender">
        <encoder>
            <pattern>${LOG_PATTERN}</pattern>
        </encoder>
    </appender>

    <!-- 异步Appender -->
    <appender name="ASYNC_AUDIT" class="ch.qos.logback.classic.AsyncAppender">
        <appender-ref ref="ENCRYPTED_AUDIT_FILE"/>
        <queueSize>500</queueSize>
        <discardingThreshold>0</discardingThreshold>
    </appender>

    <!-- 加密审计日志 -->
    <appender name="ENCRYPTED_AUDIT_FILE" class="com.chargingstation.logging.EncryptedFileAppender">
        <file>${LOG_PATH}/audit.log</file>
        <rollingPolicy class="ch.qos.logback.core.rolling.TimeBasedRollingPolicy">
            <fileNamePattern>${LOG_PATH}/audit.%d{yyyy-MM-dd}.log</fileNamePattern>
            <maxHistory>30</maxHistory>
            <totalSizeCap>3GB</totalSizeCap>
        </rollingPolicy>
        <encoder>
            <pattern>${LOG_PATTERN}</pattern>
        </encoder>
    </appender>

    <!-- 安全日志 -->
    <appender name="SECURITY_FILE" class="ch.qos.logback.core.rolling.RollingFileAppender">
        <file>${LOG_PATH}/security.log</file>
        <rollingPolicy class="ch.qos.logback.core.rolling.TimeBasedRollingPolicy">
            <fileNamePattern>${LOG_PATH}/security.%d{yyyy-MM-dd}.log</fileNamePattern>
            <maxHistory>30</maxHistory>
        </rollingPolicy>
        <encoder>
            <pattern>${LOG_PATTERN}</pattern>
        </encoder>
    </appender>

    <!-- 性能日志 -->
    <appender name="PERFORMANCE_FILE" class="ch.qos.logback.core.rolling.RollingFileAppender">
        <file>${LOG_PATH}/performance.log</file>
        <rollingPolicy class="ch.qos.logback.core.rolling.TimeBasedRollingPolicy">
            <fileNamePattern>${LOG_PATH}/performance.%d{yyyy-MM-dd}.log</fileNamePattern>
            <maxHistory>30</maxHistory>
        </rollingPolicy>
        <encoder>
            <pattern>${LOG_PATTERN}</pattern>
        </encoder>
    </appender>

    <!-- 错误日志 -->
    <appender name="ERROR_FILE" class="ch.qos.logback.core.rolling.RollingFileAppender">
        <file>${LOG_PATH}/error.log</file>
        <filter class="ch.qos.logback.classic.filter.ThresholdFilter">
            <level>ERROR</level>
        </filter>
        <rollingPolicy class="ch.qos.logback.core.rolling.TimeBasedRollingPolicy">
            <fileNamePattern>${LOG_PATH}/error.%d{yyyy-MM-dd}.log</fileNamePattern>
            <maxHistory>30</maxHistory>
        </rollingPolicy>
        <encoder>
            <pattern>${LOG_PATTERN}</pattern>
        </encoder>
    </appender>

    <!-- 日志级别配置 -->
    <logger name="com.chargingstation.aspect" level="INFO" additivity="false">
        <appender-ref ref="ASYNC_AUDIT"/>
        <appender-ref ref="CONSOLE"/>
    </logger>

    <logger name="com.chargingstation.security" level="INFO" additivity="false">
        <appender-ref ref="CONSOLE"/>
        <appender-ref ref="SECURITY_FILE"/>
    </logger>

    <logger name="com.chargingstation.controllers" level="DEBUG" additivity="false">
        <appender-ref ref="CONSOLE"/>
        <appender-ref ref="PERFORMANCE_FILE"/>
    </logger>

    <root level="INFO">
        <appender-ref ref="CONSOLE"/>
        <appender-ref ref="ERROR_FILE"/>
    </root>
</configuration> 